Buoy,Status,TimeDate,AirTemperature,WindSpeed,WindDirection,Barometric Pressure,Direction,Pitch,Roll
jet-mule,online,2022-05-24 06:59:50,18.9,0.2,132.8,998,56.5,-82.4,-6.5
jet-mule,online,2022-05-24 07:00:00,18.9,0.25,142.8,998,56.6,-82.4,-6.5
jet-mule,online,2022-05-24 07:00:10,18.9,0.2,125.5,998,56.6,-82.4,-6.5
jet-mule,online,2022-05-24 07:00:20,18.9,0.2,117.3,998,56.5,-82.4,-6.5
jet-mule,online,2022-05-24 07:00:30,18.9,0.2,125.8,998,56.4,-82.4,-6.5
jet-mule,online,2022-05-24 07:00:40,18.9,0.25,122.7,998,56.4,-82.5,-6.4
jet-mule,online,2022-05-24 07:00:50,19.0,0.2,122.6,998,56.5,-82.4,-6.7
jet-mule,online,2022-05-24 07:01:00,19.0,0.2,139.5,998,56.6,-82.4,-6.7
jet-mule,online,2022-05-24 07:01:10,19.0,0.2,119.9,998,56.3,-82.4,-6.5
jet-mule,online,2022-05-24 07:01:20,19.0,0.2,117.6,998,56.7,-82.4,-6.7
jet-mule,online,2022-05-24 07:01:30,19.0,0.15,123.8,998,56.5,-82.4,-6.5
jet-mule,online,2022-05-24 07:01:40,19.0,0.15,116.2,998,56.8,-82.4,-6.7
jet-mule,online,2022-05-24 07:01:50,19.0,0.25,123.4,998,56.6,-82.4,-6.5
jet-mule,online,2022-05-24 07:02:00,19.0,0.2,123.9,998,56.4,-82.4,-6.5
jet-mule,online,2022-05-24 07:02:10,19.0,0.2,145.8,998,56.3,-82.4,-6.5
jet-mule,online,2022-05-24 07:02:20,19.0,0.2,119.7,998,56.6,-82.4,-6.7
jet-mule,online,2022-05-24 07:02:30,19.0,0.2,116.5,998,56.4,-82.4,-6.7
jet-mule,online,2022-05-24 07:02:40,19.0,0.25,121.7,998,56.2,-82.5,-6.4
jet-mule,online,2022-05-24 07:02:50,19.0,0.2,129.3,998,56.3,-82.4,-6.7
jet-mule,online,2022-05-24 07:03:00,19.0,0.15,129.9,998,56.5,-82.4,-6.5
jet-mule,online,2022-05-24 07:03:10,19.0,0.25,142.4,998,56.3,-82.5,-6.4
jet-mule,online,2022-05-24 07:03:20,19.0,0.2,132.1,998,56.5,-82.4,-6.5
jet-mule,online,2022-05-24 07:03:30,19.0,0.15,135.7,998,56.4,-82.4,-6.5
jet-mule,online,2022-05-24 07:03:40,19.0,0.2,134.8,998,56.4,-82.4,-6.5
jet-mule,online,2022-05-24 07:03:50,19.1,0.15,140.5,998,56.6,-82.4,-6.7
jet-mule,online,2022-05-24 07:04:00,19.1,0.1,90.7,998,56.1,-82.5,-6.4
jet-mule,online,2022-05-24 07:04:10,19.1,0.2,133.5,998,56.4,-82.5,-6.4
jet-mule,online,2022-05-24 07:04:20,19.1,0.15,134.4,998,56.4,-82.5,-6.4
jet-mule,online,2022-05-24 07:04:30,19.1,0.25,123.3,998,56.7,-82.4,-6.7
jet-mule,online,2022-05-24 07:04:40,19.1,0.25,123.0,998,56.6,-82.4,-6.5
jet-mule,online,2022-05-24 07:04:50,19.1,0.15,133.0,998,56.6,-82.4,-6.5
jet-mule,online,2022-05-24 07:05:00,19.2,0.25,121.3,998,56.4,-82.5,-6.4
jet-mule,online,2022-05-24 07:05:10,19.2,0.2,139.5,998,56.8,-82.4,-6.7
jet-mule,online,2022-05-24 07:05:20,19.2,0.15,148.6,998,56.4,-82.4,-6.5
jet-mule,online,2022-05-24 07:05:30,19.2,0.2,126.6,998,56.7,-82.4,-6.5
jet-mule,online,2022-05-24 07:05:40,19.2,0.2,133.9,998,56.4,-82.4,-6.5
jet-mule,online,2022-05-24 07:05:50,19.2,0.25,142.9,998,56.6,-82.4,-6.7
jet-mule,online,2022-05-24 07:06:00,19.2,0.15,90.7,998,56.7,-82.4,-6.7
jet-mule,online,2022-05-24 07:06:10,19.2,0.2,131.0,998,56.5,-82.4,-6.5
jet-mule,online,2022-05-24 07:06:20,19.2,0.2,129.2,998,56.7,-82.4,-6.7
jet-mule,online,2022-05-24 07:06:30,19.3,0.1,90.7,998,56.7,-82.4,-6.7
jet-mule,online,2022-05-24 07:06:40,19.3,0.2,132.2,998,56.6,-82.4,-6.7
jet-mule,online,2022-05-24 07:06:50,19.3,0.25,123.0,998,56.5,-82.4,-6.7
jet-mule,online,2022-05-24 07:07:00,19.3,0.2,133.5,998,56.5,-82.4,-6.5
jet-mule,online,2022-05-24 07:07:10,19.3,0.15,148.0,998,56.5,-82.4,-6.7
jet-mule,online,2022-05-24 07:07:20,19.3,0.25,123.7,998,56.7,-82.4,-6.7
jet-mule,online,2022-05-24 07:07:30,19.3,0.25,119.5,998,56.7,-82.4,-6.5
jet-mule,online,2022-05-24 07:07:40,19.3,0.15,127.0,998,56.5,-82.4,-6.7
jet-mule,online,2022-05-24 07:07:50,19.3,0.2,124.5,998,56.4,-82.4,-6.7
jet-mule,online,2022-05-24 07:08:00,19.4,0.2,126.5,998,56.5,-82.4,-6.5
jet-mule,online,2022-05-24 07:08:10,19.4,0.25,142.3,998,56.5,-82.5,-6.4
jet-mule,online,2022-05-24 07:08:20,19.4,0.2,123.5,998,56.5,-82.4,-6.7
jet-mule,online,2022-05-24 07:08:30,19.4,0.15,138.2,998,56.7,-82.4,-6.5
jet-mule,online,2022-05-24 07:08:40,19.4,0.25,125.9,998,56.4,-82.5,-6.4
jet-mule,online,2022-05-24 07:08:50,19.4,0.25,143.7,998,56.5,-82.4,-6.5
jet-mule,online,2022-05-24 07:09:00,19.4,0.25,125.9,998,56.5,-82.4,-6.5
jet-mule,online,2022-05-24 07:09:10,19.4,0.2,130.1,998,56.6,-82.4,-6.5
jet-mule,online,2022-05-24 07:09:20,19.4,0.2,133.2,998,56.2,-82.6,-6.4
jet-mule,online,2022-05-24 07:09:30,19.4,0.2,118.5,998,56.6,-82.5,-6.6
jet-mule,online,2022-05-24 07:09:40,19.4,0.2,125.2,998,56.3,-82.5,-6.6
jet-mule,online,2022-05-24 07:09:50,19.5,0.2,120.2,998,56.8,-82.6,-6.6
jet-mule,online,2022-05-24 07:10:00,19.5,0.15,133.2,998,56.2,-82.5,-6.6
jet-mule,online,2022-05-24 07:10:10,19.5,0.2,125.2,998,56.7,-82.6,-6.6
jet-mule,online,2022-05-24 07:10:20,19.5,0.2,120.7,998,56.2,-82.5,-5.4
jet-mule,online,2022-05-24 07:10:30,19.5,0.15,90.7,998,56.6,-82.5,-6.6
jet-mule,online,2022-05-24 07:10:40,19.5,0.2,121.7,998,56.5,-82.4,-6.7
jet-mule,online,2022-05-24 07:10:50,19.5,0.25,121.4,998,56.5,-82.4,-6.5
jet-mule,online,2022-05-24 07:11:00,19.5,0.25,127.6,998,56.6,-82.4,-6.7
jet-mule,online,2022-05-24 07:11:10,19.5,0.1,90.7,998,56.4,-82.6,-6.4
jet-mule,online,2022-05-24 07:11:20,19.5,0.15,125.9,998,56.6,-82.6,-6.4
jet-mule,online,2022-05-24 07:11:30,19.6,0.2,129.8,998,56.4,-82.5,-6.6
jet-mule,online,2022-05-24 07:11:40,19.6,0.25,144.3,998,56.3,-82.5,-6.6
jet-mule,online,2022-05-24 07:11:50,19.6,0.15,132.3,998,56.6,-82.5,-6.6
jet-mule,online,2022-05-24 07:12:00,19.6,0.15,129.9,998,56.4,-82.6,-6.6
jet-mule,online,2022-05-24 07:12:10,19.6,0.15,129.4,998,56.4,-82.6,-6.4
jet-mule,online,2022-05-24 07:12:20,19.6,0.25,123.3,998,56.4,-82.5,-5.4
jet-mule,online,2022-05-24 07:12:30,19.6,0.2,119.1,998,56.4,-82.6,-6.6
jet-mule,online,2022-05-24 07:12:40,19.6,0.15,136.4,998,56.6,-82.6,-6.6
jet-mule,online,2022-05-24 07:12:50,19.7,0.2,120.1,998,56.3,-82.5,-6.6
jet-mule,online,2022-05-24 07:13:00,19.7,0.2,120.1,998,56.5,-82.5,-6.6
jet-mule,online,2022-05-24 07:13:10,19.7,0.25,118.9,998,56.4,-82.5,-6.6
jet-mule,online,2022-05-24 07:13:20,19.7,0.25,135.3,998,56.4,-82.5,-6.6
jet-mule,online,2022-05-24 07:13:30,19.7,0.25,124.4,998,56.6,-82.5,-6.6
jet-mule,online,2022-05-24 07:13:40,19.7,0.2,121.9,998,56.5,-82.6,-6.6
jet-mule,online,2022-05-24 07:13:50,19.7,0.25,128.6,998,56.2,-82.6,-6.6
jet-mule,online,2022-05-24 07:14:00,19.7,0.2,135.9,998,56.7,-82.6,-6.6
jet-mule,online,2022-05-24 07:14:10,19.7,0.2,135.7,998,56.4,-82.5,-6.6
jet-mule,online,2022-05-24 07:14:20,19.7,0.2,141.5,998,56.7,-82.6,-6.6
jet-mule,online,2022-05-24 07:14:30,19.7,0.2,130.5,998,56.6,-82.6,-6.6
jet-mule,online,2022-05-24 07:14:40,19.7,0.25,145.6,998,59.3,-82.6,-6.6
jet-mule,online,2022-05-24 07:14:50,19.7,0.2,146.7,998,56.1,-82.6,-6.6
jet-mule,online,2022-05-24 07:15:00,19.7,0.15,117.8,998,56.3,-82.6,-6.6
jet-mule,online,2022-05-24 07:15:10,19.7,0.2,116.2,998,56.4,-82.5,-6.6
jet-mule,online,2022-05-24 07:15:20,19.7,0.2,118.5,998,56.4,-82.5,-6.1
jet-mule,online,2022-05-24 07:15:30,19.7,0.2,128.6,998,56.4,-82.6,-6.6
jet-mule,online,2022-05-24 07:15:40,19.7,0.2,125.2,998,56.6,-82.6,-6.7
jet-mule,online,2022-05-24 07:15:50,19.7,0.15,117.3,998,56.3,-82.6,-6.7
jet-mule,online,2022-05-24 07:16:00,19.8,0.15,90.7,998,56.6,-82.6,-6.7
jet-mule,online,2022-05-24 07:16:10,19.8,0.15,135.7,998,56.6,-82.6,-6.7
jet-mule,online,2022-05-24 07:16:20,19.8,0.25,124.9,998,56.3,-82.5,-6.1
jet-mule,online,2022-05-24 07:16:30,19.8,0.15,133.2,998,56.4,-82.5,-6.6
jet-mule,online,2022-05-24 07:16:40,19.8,0.2,138.4,998,55.3,-82.6,-6.6
jet-mule,online,2022-05-24 07:16:50,19.8,0.2,126.7,998,56.5,-82.5,-6.6
jet-mule,online,2022-05-24 07:17:00,19.8,0.2,140.4,998,56.6,-82.5,-6.6
jet-mule,online,2022-05-24 07:17:10,19.8,0.15,124.5,998,56.6,-82.6,-6.6
jet-mule,online,2022-05-24 07:17:20,19.8,0.15,122.0,998,56.2,-82.5,-6.6
jet-mule,online,2022-05-24 07:17:30,19.8,0.2,141.3,998,56.3,-82.6,-6.6
jet-mule,online,2022-05-24 07:17:40,19.8,0.2,127.7,998,56.6,-82.6,-6.6
jet-mule,online,2022-05-24 07:17:50,19.8,0.25,122.2,998,56.5,-82.6,-6.6
jet-mule,online,2022-05-24 07:18:00,19.8,0.2,130.6,998,56.6,-82.6,-6.6
jet-mule,online,2022-05-24 07:18:10,19.9,0.1,90.7,998,56.7,-82.6,-6.6
jet-mule,online,2022-05-24 07:18:20,19.9,0.15,114.6,998,56.6,-82.6,-6.6
jet-mule,online,2022-05-24 07:18:30,19.9,0.15,122.0,998,56.4,-82.6,-6.6
jet-mule,online,2022-05-24 07:18:40,19.9,0.2,131.0,998,56.4,-82.6,-6.6
jet-mule,online,2022-05-24 07:18:50,19.9,0.25,121.8,998,56.6,-82.5,-6.6
jet-mule,online,2022-05-24 07:19:00,19.9,0.15,116.5,998,56.6,-82.6,-6.6
jet-mule,online,2022-05-24 07:19:10,19.9,0.2,128.7,998,56.7,-82.6,-6.6
jet-mule,online,2022-05-24 07:19:20,19.9,0.25,126.2,998,56.5,-82.6,-6.7
jet-mule,online,2022-05-24 07:19:30,19.9,0.2,129.2,998,56.4,-82.5,-6.6
jet-mule,online,2022-05-24 07:19:40,19.9,0.2,117.7,998,56.7,-82.6,-6.6
jet-mule,online,2022-05-24 07:19:50,20.0,0.15,122.4,998,56.4,-82.6,-6.6
jet-mule,online,2022-05-24 07:20:00,20.0,0.15,125.5,998,56.6,-82.6,-6.6
jet-mule,online,2022-05-24 07:20:10,20.0,0.2,130.6,998,56.5,-82.6,-6.6
jet-mule,online,2022-05-24 07:20:20,20.0,0.15,90.7,998,56.5,-82.6,-6.6
jet-mule,online,2022-05-24 07:20:30,20.0,0.2,128.9,998,56.6,-82.6,-6.7
jet-mule,online,2022-05-24 07:20:40,20.0,0.15,130.5,998,56.4,-82.6,-6.6
jet-mule,online,2022-05-24 07:20:50,20.0,0.1,90.7,998,56.6,-82.6,-6.7
jet-mule,online,2022-05-24 07:21:00,20.0,0.2,122.4,998,56.5,-82.6,-6.7
jet-mule,online,2022-05-24 07:21:10,20.0,0.15,134.5,998,56.6,-82.6,-6.7
jet-mule,online,2022-05-24 07:21:20,20.0,0.15,139.5,998,57.0,-82.6,-6.6
jet-mule,online,2022-05-24 07:21:30,20.0,0.2,130.0,998,56.5,-82.6,-6.7
jet-mule,online,2022-05-24 07:21:40,20.0,0.15,134.5,998,56.2,-82.6,-6.7
jet-mule,online,2022-05-24 07:21:50,20.0,0.15,122.9,998,56.5,-82.6,-6.6
jet-mule,online,2022-05-24 07:22:00,20.1,0.15,117.1,998,56.6,-82.6,-6.6
jet-mule,online,2022-05-24 07:22:10,20.1,0.2,114.9,998,56.7,-82.6,-6.6
jet-mule,online,2022-05-24 07:22:20,20.1,0.15,130.8,998,56.4,-82.6,-6.6
jet-mule,online,2022-05-24 07:22:30,20.1,0.15,118.3,998,56.4,-82.6,-6.7
jet-mule,online,2022-05-24 07:22:40,20.1,0.2,119.3,998,56.5,-82.6,-6.6
jet-mule,online,2022-05-24 07:22:50,20.1,0.1,90.7,998,56.7,-82.6,-6.6
jet-mule,online,2022-05-24 07:23:00,20.1,0.2,129.3,998,56.5,-82.6,-6.8
jet-mule,online,2022-05-24 07:23:10,20.1,0.2,118.1,998,56.5,-82.6,-6.6
jet-mule,online,2022-05-24 07:23:20,20.1,0.2,120.9,998,56.6,-82.6,-6.7
jet-mule,online,2022-05-24 07:23:30,20.1,0.15,90.7,998,56.4,-82.6,-6.7
jet-mule,online,2022-05-24 07:23:40,20.1,0.1,90.7,998,56.5,-82.6,-6.6
jet-mule,online,2022-05-24 07:23:50,20.1,0.1,135.7,998,56.5,-82.6,-6.6
jet-mule,online,2022-05-24 07:24:00,20.1,0.2,126.3,998,56.4,-82.5,-6.6
jet-mule,online,2022-05-24 07:24:10,20.2,0.15,119.2,998,56.6,-82.6,-6.8
jet-mule,online,2022-05-24 07:24:20,20.2,0.2,124.5,998,56.4,-82.6,-6.7
jet-mule,online,2022-05-24 07:24:30,20.2,0.2,126.2,998,56.4,-82.6,-6.6
jet-mule,online,2022-05-24 07:24:40,20.2,0.25,121.2,998,56.6,-82.6,-6.7
jet-mule,online,2022-05-24 07:24:50,20.2,0.1,135.7,998,56.6,-82.6,-6.7
jet-mule,online,2022-05-24 07:25:00,20.2,0.25,118.3,998,56.7,-82.6,-6.6
jet-mule,online,2022-05-24 07:25:10,20.2,0.2,123.9,998,56.4,-82.6,-6.6
jet-mule,online,2022-05-24 07:25:20,20.2,0.2,128.9,998,56.4,-82.6,-6.6
jet-mule,online,2022-05-24 07:25:30,20.2,0.2,137.1,998,56.5,-82.6,-6.7
jet-mule,online,2022-05-24 07:25:40,20.2,0.2,122.0,998,56.7,-82.6,-6.6
jet-mule,online,2022-05-24 07:25:50,20.2,0.25,129.2,998,56.9,-82.6,-6.7
jet-mule,online,2022-05-24 07:26:00,20.2,0.2,127.7,998,56.5,-82.6,-6.7
jet-mule,online,2022-05-24 07:26:10,20.2,0.25,122.8,998,56.6,-82.6,-6.7
jet-mule,online,2022-05-24 07:26:20,20.2,0.15,113.9,998,56.8,-82.6,-6.7
jet-mule,online,2022-05-24 07:26:30,20.2,0.15,131.2,998,56.4,-82.6,-6.7
jet-mule,online,2022-05-24 07:26:40,20.2,0.15,129.7,998,56.5,-82.6,-6.7
jet-mule,online,2022-05-24 07:26:50,20.2,0.2,130.8,998,56.5,-82.6,-6.7
jet-mule,online,2022-05-24 07:27:00,20.2,0.2,123.6,998,56.3,-82.6,-6.7
jet-mule,online,2022-05-24 07:27:10,20.2,0.15,137.7,998,56.6,-82.6,-6.8
jet-mule,online,2022-05-24 07:27:20,20.2,0.1,90.7,998,56.9,-82.6,-6.7
jet-mule,online,2022-05-24 07:27:30,20.2,0.1,90.7,998,56.8,-82.6,-6.8
jet-mule,online,2022-05-24 07:27:40,20.3,0.15,132.3,998,56.0,-82.6,-6.7
jet-mule,online,2022-05-24 07:27:50,20.3,0.15,119.2,998,56.6,-82.7,-7.0
jet-mule,online,2022-05-24 07:28:00,20.3,0.2,124.4,998,56.5,-82.7,-6.6
jet-mule,online,2022-05-24 07:28:10,20.3,0.15,119.2,998,56.6,-82.6,-6.6
jet-mule,online,2022-05-24 07:28:20,20.3,0.15,90.7,998,56.4,-82.6,-6.7
jet-mule,online,2022-05-24 07:28:30,20.3,0.1,90.7,998,56.2,-82.6,-6.7
jet-mule,online,2022-05-24 07:28:40,20.3,0.2,124.5,998,56.5,-82.6,-6.7
jet-mule,online,2022-05-24 07:28:50,20.3,0.15,119.5,998,56.4,-82.6,-6.6
jet-mule,online,2022-05-24 07:29:00,20.3,0.15,133.3,998,56.9,-82.6,-6.8
jet-mule,online,2022-05-24 07:29:10,20.3,0.15,133.2,998,56.5,-82.6,-6.6
jet-mule,online,2022-05-24 07:29:20,20.3,0.15,118.7,998,56.4,-82.6,-6.7
jet-mule,online,2022-05-24 07:29:30,20.3,0.1,90.7,998,56.3,-82.6,-6.8
jet-mule,online,2022-05-24 07:29:40,20.3,0.1,90.7,998,56.5,-82.6,-6.6
jet-mule,online,2022-05-24 07:29:50,20.3,0.1,153.0,998,56.6,-82.6,-6.6
jet-mule,online,2022-05-24 07:30:00,20.4,0.1,90.7,998,56.9,-82.6,-6.8
jet-mule,online,2022-05-24 07:30:10,20.4,0.15,131.9,998,56.6,-82.6,-6.7
jet-mule,online,2022-05-24 07:30:20,20.4,0.25,128.8,998,56.6,-82.6,-6.8
jet-mule,online,2022-05-24 07:30:30,20.4,0.15,90.7,998,56.3,-82.6,-6.7
jet-mule,online,2022-05-24 07:30:40,20.4,0.15,122.7,998,56.4,-82.6,-6.8
jet-mule,online,2022-05-24 07:30:50,20.4,0.15,119.5,998,56.3,-82.6,-6.8
jet-mule,online,2022-05-24 07:31:00,20.4,0.1,90.7,998,56.9,-82.6,-6.7
jet-mule,online,2022-05-24 07:31:10,20.4,0.2,126.3,998,56.5,-82.6,-6.7
jet-mule,online,2022-05-24 07:31:20,20.4,0.2,128.7,998,56.7,-82.6,-6.8
jet-mule,online,2022-05-24 07:31:30,20.4,0.2,137.1,998,56.7,-82.7,-7.0
jet-mule,online,2022-05-24 07:31:40,20.4,0.2,134.4,998,56.6,-82.6,-6.7
jet-mule,online,2022-05-24 07:31:50,20.4,0.15,120.1,998,56.4,-82.6,-6.6
jet-mule,online,2022-05-24 07:32:00,20.4,0.2,143.2,998,56.6,-82.6,-6.6
jet-mule,online,2022-05-24 07:32:10,20.4,0.15,130.4,998,56.6,-82.6,-6.8
jet-mule,online,2022-05-24 07:32:20,20.4,0.2,143.2,998,56.1,-82.6,-6.6
jet-mule,online,2022-05-24 07:32:30,20.4,0.1,90.7,998,56.4,-82.6,-6.7
jet-mule,online,2022-05-24 07:32:40,20.4,0.15,130.5,998,56.5,-82.6,-7.0
jet-mule,online,2022-05-24 07:32:50,20.4,0.2,122.6,998,56.4,-82.6,-6.8
jet-mule,online,2022-05-24 07:33:00,20.4,0.2,123.6,998,56.4,-82.6,-6.8
jet-mule,online,2022-05-24 07:33:10,20.4,0.15,141.9,998,56.7,-82.6,-6.8
jet-mule,online,2022-05-24 07:33:20,20.4,0.15,143.9,998,56.3,-82.6,-6.8
jet-mule,online,2022-05-24 07:33:30,20.4,0.1,90.7,998,56.5,-82.6,-6.8
jet-mule,online,2022-05-24 07:33:40,20.4,0.15,118.8,998,56.4,-82.6,-6.7
jet-mule,online,2022-05-24 07:33:50,20.4,0.15,133.2,998,56.6,-82.6,-6.8
jet-mule,online,2022-05-24 07:34:00,20.4,0.15,141.5,998,56.3,-82.6,-6.8
jet-mule,online,2022-05-24 07:34:10,20.4,0.05,90.7,998,56.6,-82.7,-6.6
jet-mule,online,2022-05-24 07:34:20,20.4,0.2,143.1,998,56.6,-82.7,-6.6
jet-mule,online,2022-05-24 07:34:30,20.4,0.15,139.5,998,56.5,-82.6,-6.8
jet-mule,online,2022-05-24 07:34:40,20.4,0.2,125.2,998,56.6,-82.7,-7.0
jet-mule,online,2022-05-24 07:34:50,20.4,0.15,125.9,998,56.6,-82.7,-7.0
jet-mule,online,2022-05-24 07:35:00,20.4,0.15,137.5,998,56.5,-82.6,-6.8
jet-mule,online,2022-05-24 07:35:10,20.4,0.1,90.7,998,56.4,-82.6,-6.8
jet-mule,online,2022-05-24 07:35:20,20.4,0.1,90.7,998,56.3,-82.6,-6.8
jet-mule,online,2022-05-24 07:35:30,20.4,0.2,133.7,998,56.5,-82.6,-6.8
jet-mule,online,2022-05-24 07:35:40,20.4,0.2,139.9,998,56.8,-82.6,-6.7
jet-mule,online,2022-05-24 07:35:50,20.4,0.2,142.5,998,56.7,-82.6,-6.8
jet-mule,online,2022-05-24 07:36:00,20.5,0.15,120.1,998,56.5,-82.6,-6.8
jet-mule,online,2022-05-24 07:36:10,20.5,0.2,128.9,998,56.4,-82.6,-6.8
jet-mule,online,2022-05-24 07:36:20,20.5,0.1,90.7,998,56.6,-82.7,-7.0
jet-mule,online,2022-05-24 07:36:30,20.5,0.1,90.7,998,56.7,-82.6,-6.8
jet-mule,online,2022-05-24 07:36:40,20.5,0.2,122.6,998,56.5,-82.6,-6.8
jet-mule,online,2022-05-24 07:36:50,20.5,0.2,126.6,998,56.6,-82.6,-6.8
jet-mule,online,2022-05-24 07:37:00,20.5,0.15,127.1,998,56.5,-82.6,-6.8
jet-mule,online,2022-05-24 07:37:10,20.5,0.1,90.7,998,56.5,-82.7,-7.0
jet-mule,online,2022-05-24 07:37:20,20.5,0.25,122.5,998,56.3,-82.6,-6.8
jet-mule,online,2022-05-24 07:37:30,20.5,0.15,136.9,998,56.6,-82.7,-7.0
jet-mule,online,2022-05-24 07:37:40,20.5,0.15,136.6,998,56.5,-82.6,-6.8
jet-mule,online,2022-05-24 07:37:50,20.5,0.0,359.9,998,56.6,-82.6,-6.7
jet-mule,online,2022-05-24 07:38:00,20.6,0.15,135.7,998,56.1,-82.7,-7.0
jet-mule,online,2022-05-24 07:38:10,20.6,0.15,133.2,998,56.4,-82.6,-6.8
jet-mule,online,2022-05-24 07:38:20,20.6,0.15,132.3,998,56.3,-82.6,-6.8
jet-mule,online,2022-05-24 07:38:30,20.6,0.1,90.7,999,56.4,-82.6,-6.8
jet-mule,online,2022-05-24 07:38:40,20.6,0.15,133.3,999,56.2,-82.6,-6.8
jet-mule,online,2022-05-24 07:38:50,20.6,0.15,130.5,999,56.4,-82.7,-7.0
jet-mule,online,2022-05-24 07:39:00,20.6,0.15,129.3,998,56.5,-82.6,-6.8
jet-mule,online,2022-05-24 07:39:10,20.6,0.15,57.6,998,56.4,-82.6,-6.8
jet-mule,online,2022-05-24 07:39:20,20.6,0.15,137.2,998,56.5,-82.7,-7.0
jet-mule,online,2022-05-24 07:39:30,20.6,0.15,116.1,999,56.4,-82.6,-6.5
jet-mule,online,2022-05-24 07:39:40,20.6,0.15,129.5,999,56.5,-82.7,-7.0
jet-mule,online,2022-05-24 07:39:50,20.6,0.1,90.7,999,56.6,-82.6,-6.8
jet-mule,online,2022-05-24 07:40:00,20.6,0.15,122.0,999,56.6,-82.6,-6.8
jet-mule,online,2022-05-24 07:40:10,20.6,0.2,135.9,999,56.4,-82.6,-6.8
jet-mule,online,2022-05-24 07:40:20,20.6,0.2,116.9,998,56.4,-82.6,-6.8
jet-mule,online,2022-05-24 07:40:30,20.6,0.1,90.7,999,56.5,-82.6,-6.8
jet-mule,online,2022-05-24 07:40:40,20.6,0.1,90.7,999,56.5,-82.6,-6.8
jet-mule,online,2022-05-24 07:40:50,20.6,0.05,90.7,999,56.4,-82.7,-6.6
jet-mule,online,2022-05-24 07:41:00,20.6,0.15,127.6,999,56.5,-82.6,-6.8
jet-mule,online,2022-05-24 07:41:10,20.6,0.2,120.1,999,56.5,-82.7,-6.6
jet-mule,online,2022-05-24 07:41:20,20.6,0.15,124.5,999,56.4,-82.6,-6.8
jet-mule,online,2022-05-24 07:41:30,20.6,0.15,149.0,999,56.6,-82.6,-6.8
jet-mule,online,2022-05-24 07:41:40,20.6,0.15,136.4,999,56.3,-82.6,-6.8
jet-mule,online,2022-05-24 07:41:50,20.6,0.2,144.0,999,56.5,-82.7,-6.6
jet-mule,online,2022-05-24 07:42:00,20.6,0.2,125.2,999,56.7,-82.6,-6.8
jet-mule,online,2022-05-24 07:42:10,20.6,0.1,90.7,999,56.4,-82.6,-6.8
jet-mule,online,2022-05-24 07:42:20,20.6,0.05,90.7,999,56.2,-82.6,-6.8
jet-mule,online,2022-05-24 07:42:30,20.6,0.15,90.7,999,56.5,-82.7,-7.0
jet-mule,online,2022-05-24 07:42:40,20.6,0.15,116.5,999,56.3,-82.6,-6.8
jet-mule,online,2022-05-24 07:42:50,20.6,0.15,123.8,998,56.3,-82.6,-6.8
jet-mule,online,2022-05-24 07:43:00,20.7,0.2,124.9,999,56.4,-82.6,-6.8
jet-mule,online,2022-05-24 07:43:10,20.7,0.15,90.7,999,56.4,-82.7,-6.6
jet-mule,online,2022-05-24 07:43:20,20.7,0.2,115.8,999,56.5,-82.6,-6.8
jet-mule,online,2022-05-24 07:43:30,20.7,0.15,126.7,999,56.6,-82.7,-7.0
jet-mule,online,2022-05-24 07:43:40,20.7,0.15,120.2,999,56.6,-82.6,-6.8
jet-mule,online,2022-05-24 07:43:50,20.7,0.1,90.7,999,56.4,-82.7,-7.0
jet-mule,online,2022-05-24 07:44:00,20.7,0.1,90.7,999,56.4,-82.6,-6.8
jet-mule,online,2022-05-24 07:44:10,20.7,0.15,140.4,999,56.1,-82.6,-6.8
jet-mule,online,2022-05-24 07:44:20,20.7,0.1,90.7,999,56.5,-82.7,-6.6
jet-mule,online,2022-05-24 07:44:30,20.7,0.1,90.7,999,56.6,-82.6,-6.8
jet-mule,online,2022-05-24 07:44:40,20.7,0.2,134.6,999,56.3,-82.6,-6.5
jet-mule,online,2022-05-24 07:44:50,20.7,0.15,130.4,999,56.6,-82.7,-6.6
jet-mule,online,2022-05-24 07:45:00,20.7,0.15,129.4,999,56.3,-82.7,-6.6
jet-mule,online,2022-05-24 07:45:10,20.7,0.05,90.7,999,56.3,-82.7,-6.6
jet-mule,online,2022-05-24 07:45:20,20.7,0.15,90.7,999,56.7,-82.6,-6.5
jet-mule,online,2022-05-24 07:45:30,20.7,0.1,90.7,999,56.5,-82.6,-6.8
jet-mule,online,2022-05-24 07:45:40,20.7,0.15,130.8,999,56.5,-82.6,-6.8
jet-mule,online,2022-05-24 07:45:50,20.7,0.1,90.7,999,56.5,-82.7,-6.6
jet-mule,online,2022-05-24 07:46:00,20.7,0.2,131.0,999,56.3,-82.6,-6.8
jet-mule,online,2022-05-24 07:46:10,20.7,0.1,90.7,999,56.3,-82.6,-6.5
jet-mule,online,2022-05-24 07:46:20,20.8,0.1,90.7,999,56.5,-82.7,-6.2
jet-mule,online,2022-05-24 07:46:30,20.8,0.1,90.7,999,56.6,-82.7,-7.0
jet-mule,online,2022-05-24 07:46:40,20.8,0.15,122.4,999,56.8,-82.6,-6.8
jet-mule,online,2022-05-24 07:46:50,20.8,0.2,131.0,999,56.5,-82.6,-6.8
jet-mule,online,2022-05-24 07:47:00,20.8,0.1,90.7,999,56.5,-82.6,-6.5
jet-mule,online,2022-05-24 07:47:10,20.8,0.15,120.2,999,56.2,-82.8,-6.8
jet-mule,online,2022-05-24 07:47:20,20.8,0.1,58.5,999,56.4,-82.6,-6.8
jet-mule,online,2022-05-24 07:47:30,20.8,0.15,130.8,999,56.8,-82.7,-7.0
jet-mule,online,2022-05-24 07:47:40,20.8,0.1,90.7,999,56.4,-82.6,-6.8
jet-mule,online,2022-05-24 07:47:50,20.8,0.2,119.7,999,56.4,-82.6,-6.8
jet-mule,online,2022-05-24 07:48:00,20.8,0.15,90.7,999,56.5,-82.7,-6.6
jet-mule,online,2022-05-24 07:48:10,20.8,0.1,135.7,999,56.4,-82.6,-6.8
jet-mule,online,2022-05-24 07:48:20,20.8,0.15,127.0,999,56.7,-82.6,-6.0
jet-mule,online,2022-05-24 07:48:30,20.8,0.15,117.8,999,56.5,-82.6,-6.8
jet-mule,online,2022-05-24 07:48:40,20.8,0.1,90.7,999,56.5,-82.6,-6.8
jet-mule,online,2022-05-24 07:48:50,20.8,0.1,90.7,999,56.4,-82.6,-6.8
jet-mule,online,2022-05-24 07:49:00,20.9,0.2,119.5,999,56.6,-82.6,-6.8
jet-mule,online,2022-05-24 07:49:10,20.9,0.2,124.4,999,56.3,-82.6,-6.8
jet-mule,online,2022-05-24 07:49:20,20.9,0.2,127.7,999,56.3,-82.6,-6.8
jet-mule,online,2022-05-24 07:49:30,20.9,0.15,123.0,999,56.2,-82.6,-6.8
jet-mule,online,2022-05-24 07:49:40,20.9,0.15,142.0,999,56.5,-82.7,-7.0
jet-mule,online,2022-05-24 07:49:50,20.9,0.1,90.7,999,56.6,-82.8,-6.8
jet-mule,online,2022-05-24 07:50:00,20.9,0.15,132.7,999,56.2,-82.7,-6.6
jet-mule,online,2022-05-24 07:50:10,20.9,0.2,126.3,999,56.5,-82.7,-7.0
jet-mule,online,2022-05-24 07:50:20,20.9,0.15,136.9,999,56.4,-82.6,-6.8
jet-mule,online,2022-05-24 07:50:30,20.9,0.2,138.4,999,56.5,-82.7,-7.0
jet-mule,online,2022-05-24 07:50:40,20.9,0.15,90.7,999,56.4,-82.6,-6.8
jet-mule,online,2022-05-24 07:50:50,20.9,0.1,135.7,999,56.5,-82.6,-6.8
jet-mule,online,2022-05-24 07:51:00,20.9,0.1,90.7,999,56.2,-82.6,-6.8
jet-mule,online,2022-05-24 07:51:10,20.9,0.1,90.7,999,56.3,-82.8,-6.8
jet-mule,online,2022-05-24 07:51:20,20.9,0.2,114.3,999,56.5,-82.7,-6.3
jet-mule,online,2022-05-24 07:51:30,20.9,0.15,90.7,999,56.8,-82.6,-6.8
jet-mule,online,2022-05-24 07:51:40,21.0,0.15,134.9,999,56.3,-82.6,-6.8
jet-mule,online,2022-05-24 07:51:50,21.0,0.1,59.3,999,56.7,-82.6,-6.8
jet-mule,online,2022-05-24 07:52:00,21.0,0.15,90.7,999,56.2,-82.6,-6.8
jet-mule,online,2022-05-24 07:52:10,21.0,0.15,134.5,999,56.5,-82.6,-6.8
jet-mule,online,2022-05-24 07:52:20,21.0,0.1,90.7,999,56.8,-82.6,-6.8
jet-mule,online,2022-05-24 07:52:30,21.0,0.15,58.6,999,56.4,-82.8,-6.8
jet-mule,online,2022-05-24 07:52:40,21.0,0.15,118.7,999,56.3,-82.6,-6.8
jet-mule,online,2022-05-24 07:52:50,21.0,0.15,117.8,999,55.6,-82.7,-6.4
jet-mule,online,2022-05-24 07:53:00,21.0,0.2,125.9,999,56.8,-82.7,-6.6
jet-mule,online,2022-05-24 07:53:10,21.0,0.2,143.4,999,56.6,-82.6,-6.8
jet-mule,online,2022-05-24 07:53:20,21.0,0.1,90.7,999,56.4,-82.6,-6.8
jet-mule,online,2022-05-24 07:53:30,21.0,0.1,90.7,999,56.6,-82.6,-6.8
jet-mule,online,2022-05-24 07:53:40,21.0,0.05,90.7,999,56.6,-82.6,-6.8
jet-mule,online,2022-05-24 07:53:50,21.0,0.1,90.7,999,56.4,-82.6,-6.8
jet-mule,online,2022-05-24 07:54:00,21.0,0.1,90.7,999,56.5,-82.6,-6.8
jet-mule,online,2022-05-24 07:54:10,21.0,0.1,90.7,999,56.7,-82.6,-6.8
jet-mule,online,2022-05-24 07:54:20,21.0,0.2,128.9,999,56.6,-82.8,-6.6
jet-mule,online,2022-05-24 07:54:30,21.0,0.1,90.7,999,56.5,-82.8,-6.8
jet-mule,online,2022-05-24 07:54:40,21.0,0.1,90.7,999,56.5,-82.8,-6.8
jet-mule,online,2022-05-24 07:54:50,21.0,0.05,90.7,999,56.4,-82.6,-6.8
jet-mule,online,2022-05-24 07:55:00,21.0,0.2,128.0,999,56.4,-82.8,-6.8
jet-mule,online,2022-05-24 07:55:10,21.0,0.1,90.7,999,56.7,-82.6,-6.8
jet-mule,online,2022-05-24 07:55:20,21.0,0.1,90.7,999,56.2,-82.7,-7.0
jet-mule,online,2022-05-24 07:55:30,21.0,0.15,116.7,999,56.4,-82.6,-6.8
jet-mule,online,2022-05-24 07:55:40,21.1,0.2,128.9,999,56.6,-82.8,-6.8
jet-mule,online,2022-05-24 07:55:50,21.1,0.1,90.7,999,56.3,-82.8,-6.8
jet-mule,online,2022-05-24 07:56:00,21.1,0.1,90.7,999,56.7,-82.6,-6.8
jet-mule,online,2022-05-24 07:56:10,21.1,0.15,116.9,999,56.3,-82.8,-6.8
jet-mule,online,2022-05-24 07:56:20,21.1,0.2,123.7,999,56.4,-82.6,-6.8
jet-mule,online,2022-05-24 07:56:30,21.1,0.1,90.7,999,56.4,-82.6,-6.8
jet-mule,online,2022-05-24 07:56:40,21.1,0.15,57.8,999,56.5,-82.6,-6.8
jet-mule,online,2022-05-24 07:56:50,21.1,0.1,90.7,999,56.3,-82.6,-6.8
jet-mule,online,2022-05-24 07:57:00,21.1,0.15,119.7,999,56.1,-82.6,-6.8
jet-mule,online,2022-05-24 07:57:10,21.1,0.25,124.6,999,56.3,-82.6,-6.8
jet-mule,online,2022-05-24 07:57:20,21.1,0.2,123.1,999,56.6,-82.8,-6.8
jet-mule,online,2022-05-24 07:57:30,21.1,0.1,90.7,999,56.6,-82.8,-6.8
jet-mule,online,2022-05-24 07:57:40,21.1,0.2,139.1,999,56.3,-82.6,-6.8
jet-mule,online,2022-05-24 07:57:50,21.1,0.15,54.5,999,56.5,-82.8,-6.8
jet-mule,online,2022-05-24 07:58:00,21.1,0.15,54.5,999,56.3,-82.7,-6.7
jet-mule,online,2022-05-24 07:58:10,21.1,0.15,124.8,999,56.5,-82.6,-6.8
jet-mule,online,2022-05-24 07:58:20,21.1,0.1,90.7,999,56.3,-82.8,-6.8
jet-mule,online,2022-05-24 07:58:30,21.1,0.1,90.7,999,56.4,-82.7,-6.7
jet-mule,online,2022-05-24 07:58:40,21.1,0.1,90.7,999,56.2,-82.8,-6.8
jet-mule,online,2022-05-24 07:58:50,21.1,0.1,90.7,999,56.4,-82.7,-6.7
jet-mule,online,2022-05-24 07:59:00,21.1,0.2,128.8,999,56.7,-82.8,-6.8
jet-mule,online,2022-05-24 07:59:10,21.1,0.2,127.2,999,56.3,-82.6,-6.8
jet-mule,online,2022-05-24 07:59:20,21.1,0.1,90.7,999,56.4,-82.8,-6.8
jet-mule,online,2022-05-24 07:59:30,21.1,0.15,121.2,999,56.4,-82.7,-6.7
jet-mule,online,2022-05-24 07:59:40,21.1,0.15,139.5,999,56.1,-82.8,-6.8
jet-mule,online,2022-05-24 07:59:50,21.1,0.15,118.6,999,56.5,-82.8,-6.8
jet-mule,online,2022-05-24 08:00:00,21.1,0.15,136.9,999,56.2,-82.7,-6.7
jet-mule,online,2022-05-24 08:00:10,21.1,0.15,134.5,999,56.0,-82.8,-6.8
jet-mule,online,2022-05-24 08:00:20,21.1,0.15,118.9,999,56.1,-82.9,-6.8
jet-mule,online,2022-05-24 08:00:30,21.1,0.15,55.8,999,56.2,-82.8,-6.8
jet-mule,online,2022-05-24 08:00:40,21.1,0.15,122.0,999,56.2,-82.7,-6.7
jet-mule,online,2022-05-24 08:00:50,21.1,0.15,90.7,999,56.4,-82.7,-6.7
jet-mule,online,2022-05-24 08:01:00,21.1,0.1,90.7,999,55.8,-82.7,-6.7
jet-mule,online,2022-05-24 08:01:10,21.1,0.15,118.5,999,56.3,-82.6,-6.8
jet-mule,online,2022-05-24 08:01:20,21.1,0.1,90.7,999,56.3,-82.8,-6.8
jet-mule,online,2022-05-24 08:01:30,21.1,0.15,47.6,999,56.3,-82.8,-6.8
jet-mule,online,2022-05-24 08:01:40,21.1,0.15,54.5,999,56.2,-82.7,-6.7
jet-mule,online,2022-05-24 08:01:50,21.1,0.1,41.2,999,56.3,-82.7,-6.7
jet-mule,online,2022-05-24 08:02:00,21.1,0.1,60.4,999,56.1,-82.7,-6.7
jet-mule,online,2022-05-24 08:02:10,21.1,0.1,90.7,999,56.5,-82.8,-6.8
jet-mule,online,2022-05-24 08:02:20,21.1,0.15,121.2,999,56.2,-82.8,-6.8
jet-mule,online,2022-05-24 08:02:30,21.1,0.15,139.4,999,56.3,-82.8,-6.8
jet-mule,online,2022-05-24 08:02:40,21.1,0.15,90.7,999,56.4,-82.8,-6.8
jet-mule,online,2022-05-24 08:02:50,21.1,0.15,55.6,999,56.2,-82.8,-6.8
jet-mule,online,2022-05-24 08:03:00,21.1,0.15,90.7,999,56.3,-82.8,-6.8
jet-mule,online,2022-05-24 08:03:10,21.1,0.15,56.6,999,56.3,-82.6,-6.8
jet-mule,online,2022-05-24 08:03:20,21.1,0.15,90.7,999,56.2,-82.8,-6.8
jet-mule,online,2022-05-24 08:03:30,21.1,0.1,90.7,999,56.1,-82.8,-6.8
jet-mule,online,2022-05-24 08:03:40,21.1,0.15,59.5,999,56.5,-82.8,-6.8
jet-mule,online,2022-05-24 08:03:50,21.1,0.1,90.7,999,56.2,-82.6,-6.8
jet-mule,online,2022-05-24 08:04:00,21.1,0.1,90.7,999,56.2,-82.8,-6.8
jet-mule,online,2022-05-24 08:04:10,21.1,0.15,44.1,999,56.2,-82.8,-6.8
jet-mule,online,2022-05-24 08:04:20,21.1,0.1,90.7,999,56.0,-82.8,-6.6
jet-mule,online,2022-05-24 08:04:30,21.1,0.1,90.7,999,56.3,-82.8,-6.8
jet-mule,online,2022-05-24 08:04:40,21.1,0.1,90.7,999,56.1,-82.8,-6.8
jet-mule,online,2022-05-24 08:04:50,21.1,0.15,50.7,999,56.3,-82.8,-6.8
jet-mule,online,2022-05-24 08:05:00,21.1,0.1,90.7,999,56.3,-82.8,-6.8
jet-mule,online,2022-05-24 08:05:10,21.1,0.05,90.7,999,56.5,-82.8,-6.8
jet-mule,online,2022-05-24 08:05:20,21.1,0.1,90.7,999,56.2,-82.8,-6.8
jet-mule,online,2022-05-24 08:05:30,21.1,0.15,120.2,999,56.3,-82.8,-6.8
jet-mule,online,2022-05-24 08:05:40,21.1,0.15,90.7,999,56.5,-82.8,-6.8
jet-mule,online,2022-05-24 08:05:50,21.1,0.15,90.7,999,56.3,-82.7,-6.7
jet-mule,online,2022-05-24 08:06:00,21.1,0.15,129.2,999,56.4,-82.8,-6.8
jet-mule,online,2022-05-24 08:06:10,21.1,0.2,128.0,999,56.4,-82.8,-6.8
jet-mule,online,2022-05-24 08:06:20,21.1,0.15,51.8,999,56.3,-82.8,-6.8
jet-mule,online,2022-05-24 08:06:30,21.1,0.15,90.7,999,56.4,-82.8,-6.8
jet-mule,online,2022-05-24 08:06:40,21.1,0.1,90.7,999,56.2,-82.7,-6.7
jet-mule,online,2022-05-24 08:06:50,21.1,0.1,90.7,999,56.5,-82.8,-6.8
jet-mule,online,2022-05-24 08:07:00,21.2,0.15,134.9,999,56.3,-82.7,-6.7
jet-mule,online,2022-05-24 08:07:10,21.2,0.1,90.7,999,56.4,-82.8,-6.8
jet-mule,online,2022-05-24 08:07:20,21.2,0.1,90.7,999,56.3,-82.7,-6.7
jet-mule,online,2022-05-24 08:07:30,21.2,0.1,90.7,999,56.4,-82.8,-6.8
jet-mule,online,2022-05-24 08:07:40,21.2,0.1,90.7,999,55.9,-82.8,-6.8
jet-mule,online,2022-05-24 08:07:50,21.2,0.1,38.1,999,56.5,-82.8,-6.8
jet-mule,online,2022-05-24 08:08:00,21.2,0.1,90.7,999,56.7,-82.8,-6.8
jet-mule,online,2022-05-24 08:08:10,21.2,0.2,46.9,999,56.4,-82.8,-6.8
jet-mule,online,2022-05-24 08:08:20,21.2,0.15,56.5,999,56.2,-82.8,-6.8
jet-mule,online,2022-05-24 08:08:30,21.2,0.2,119.2,999,56.2,-82.7,-6.7
jet-mule,online,2022-05-24 08:08:40,21.2,0.15,117.4,999,56.6,-82.8,-6.8
jet-mule,online,2022-05-24 08:08:50,21.2,0.1,90.7,999,56.4,-82.8,-6.8
jet-mule,online,2022-05-24 08:09:00,21.2,0.1,90.7,999,56.6,-82.8,-6.8
jet-mule,online,2022-05-24 08:09:10,21.2,0.2,135.7,999,56.3,-82.8,-6.8
jet-mule,online,2022-05-24 08:09:20,21.2,0.1,90.7,999,56.5,-82.8,-6.8
jet-mule,online,2022-05-24 08:09:30,21.2,0.15,57.7,999,56.4,-82.8,-6.8
jet-mule,online,2022-05-24 08:09:40,21.2,0.1,90.7,999,56.3,-82.8,-6.8
jet-mule,online,2022-05-24 08:09:50,21.2,0.15,90.7,999,56.2,-82.8,-6.6
jet-mule,online,2022-05-24 08:10:00,21.2,0.05,90.7,999,56.3,-82.8,-6.8
jet-mule,online,2022-05-24 08:10:10,21.2,0.1,90.7,999,56.3,-82.8,-6.8
jet-mule,online,2022-05-24 08:10:20,21.2,0.1,90.7,999,56.4,-82.8,-6.8
jet-mule,online,2022-05-24 08:10:30,21.2,0.15,65.2,999,56.4,-82.8,-6.8
jet-mule,online,2022-05-24 08:10:40,21.2,0.15,58.6,999,56.3,-82.8,-6.8
jet-mule,online,2022-05-24 08:10:50,21.2,0.1,90.7,999,56.6,-82.8,-6.8
jet-mule,online,2022-05-24 08:11:00,21.2,0.2,120.1,999,56.5,-82.8,-6.8
jet-mule,online,2022-05-24 08:11:10,21.2,0.15,90.7,999,56.0,-82.8,-6.8
jet-mule,online,2022-05-24 08:11:20,21.2,0.1,90.7,999,56.6,-82.8,-6.8
jet-mule,online,2022-05-24 08:11:30,21.3,0.15,133.3,999,56.2,-82.7,-6.7
jet-mule,online,2022-05-24 08:11:40,21.3,0.15,132.1,999,56.6,-82.7,-6.7
jet-mule,online,2022-05-24 08:11:50,21.3,0.15,139.4,999,56.4,-82.7,-6.7
jet-mule,online,2022-05-24 08:12:00,21.3,0.15,90.7,999,56.2,-82.8,-6.8
jet-mule,online,2022-05-24 08:12:10,21.3,0.15,127.0,999,56.4,-82.8,-6.8
